<?xml version="1.0" encoding="UTF-8"?>
<!-- Product Version: Vivado v2018.2 (64-bit)                     -->
<!--                                                              -->
<!-- Copyright 1986-2018 Xilinx, Inc. All Rights Reserved.        -->

<hwsession version="1" minor="2">
  <device name="xc7a35t_0" gui_info="dashboard1=hw_ila_1[xc7a35t_0/hw_ila_1/Settings=ILA_SETTINGS_1;xc7a35t_0/hw_ila_1/Status=ILA_STATUS_1;xc7a35t_0/hw_ila_1/Trigger Setup=ILA_TRIGGER_1;xc7a35t_0/hw_ila_1/Waveform=ILA_WAVE_1;xc7a35t_0/hw_ila_1/Capture Setup=ILA_CAPTURE_1;],dashboard2=hw_ila_2[xc7a35t_0/hw_ila_2/Capture Setup=ILA_CAPTURE_1;xc7a35t_0/hw_ila_2/Trigger Setup=ILA_TRIGGER_1;xc7a35t_0/hw_ila_2/Waveform=ILA_WAVE_1;xc7a35t_0/hw_ila_2/Settings=ILA_SETTINGS_1;xc7a35t_0/hw_ila_2/Status=ILA_STATUS_1;],dashboard3=hw_ila_3[xc7a35t_0/hw_ila_3/Capture Setup=ILA_CAPTURE_1;xc7a35t_0/hw_ila_3/Status=ILA_STATUS_1;xc7a35t_0/hw_ila_3/Settings=ILA_SETTINGS_1;xc7a35t_0/hw_ila_3/Waveform=ILA_WAVE_1;xc7a35t_0/hw_ila_3/Trigger Setup=ILA_TRIGGER_1;],dashboard4=hw_ila_4[xc7a35t_0/hw_ila_4/Settings=ILA_SETTINGS_1;xc7a35t_0/hw_ila_4/Capture Setup=ILA_CAPTURE_1;xc7a35t_0/hw_ila_4/Waveform=ILA_WAVE_1;xc7a35t_0/hw_ila_4/Trigger Setup=ILA_TRIGGER_1;xc7a35t_0/hw_ila_4/Status=ILA_STATUS_1;],dashboard5=hw_ila_5[xc7a35t_0/hw_ila_5/Trigger Setup=ILA_TRIGGER_1;xc7a35t_0/hw_ila_5/Settings=ILA_SETTINGS_1;xc7a35t_0/hw_ila_5/Status=ILA_STATUS_1;xc7a35t_0/hw_ila_5/Capture Setup=ILA_CAPTURE_1;xc7a35t_0/hw_ila_5/Waveform=ILA_WAVE_1;],dashboard6=hw_ila_6[xc7a35t_0/hw_ila_6/Status=ILA_STATUS_1;xc7a35t_0/hw_ila_6/Trigger Setup=ILA_TRIGGER_1;xc7a35t_0/hw_ila_6/Waveform=ILA_WAVE_1;xc7a35t_0/hw_ila_6/Capture Setup=ILA_CAPTURE_1;xc7a35t_0/hw_ila_6/Settings=ILA_SETTINGS_1;],dashboard7=hw_ila_7[xc7a35t_0/hw_ila_7/Settings=ILA_SETTINGS_1;xc7a35t_0/hw_ila_7/Status=ILA_STATUS_1;xc7a35t_0/hw_ila_7/Capture Setup=ILA_CAPTURE_1;xc7a35t_0/hw_ila_7/Trigger Setup=ILA_TRIGGER_1;xc7a35t_0/hw_ila_7/Waveform=ILA_WAVE_1;],dashboard8=hw_ila_8[xc7a35t_0/hw_ila_8/Waveform=ILA_WAVE_1;xc7a35t_0/hw_ila_8/Status=ILA_STATUS_1;xc7a35t_0/hw_ila_8/Capture Setup=ILA_CAPTURE_1;xc7a35t_0/hw_ila_8/Settings=ILA_SETTINGS_1;xc7a35t_0/hw_ila_8/Trigger Setup=ILA_TRIGGER_1;]"/>
  <ObjectList object_type="hw_device" gui_info="">
    <Object name="xc7a35t_0" gui_info="">
      <Properties Property="FULL_PROBES.FILE" value="$_project_name_.runs/impl_1/$_project_name__gated_counter.ltx"/>
      <Properties Property="PROBES.FILE" value="$_project_name_.runs/impl_1/$_project_name__gated_counter.ltx"/>
      <Properties Property="PROGRAM.HW_BITSTREAM" value="$_project_name_.runs/impl_1/$_project_name__gated_counter.bit"/>
      <Properties Property="SLR.COUNT" value="1"/>
    </Object>
  </ObjectList>
  <ObjectList object_type="hw_ila" gui_info="">
    <Object name="" gui_info="">
      <Properties Property="CONTROL.TRIGGER_CONDITION" value="AND"/>
      <Properties Property="CORE_REFRESH_RATE_MS" value="500"/>
    </Object>
    <Object name="ila_cnt0" gui_info="">
      <Properties Property="CONTROL.TRIGGER_CONDITION" value="AND"/>
      <Properties Property="CORE_REFRESH_RATE_MS" value="500"/>
    </Object>
    <Object name="ila_cnt1" gui_info="">
      <Properties Property="CONTROL.TRIGGER_CONDITION" value="AND"/>
      <Properties Property="CORE_REFRESH_RATE_MS" value="500"/>
    </Object>
    <Object name="ila_cnt2" gui_info="">
      <Properties Property="CONTROL.TRIGGER_CONDITION" value="AND"/>
      <Properties Property="CORE_REFRESH_RATE_MS" value="500"/>
    </Object>
    <Object name="ila_cnt3" gui_info="">
      <Properties Property="CONTROL.TRIGGER_CONDITION" value="AND"/>
      <Properties Property="CORE_REFRESH_RATE_MS" value="500"/>
    </Object>
    <Object name="ila_cnt4" gui_info="">
      <Properties Property="CONTROL.TRIGGER_CONDITION" value="AND"/>
      <Properties Property="CORE_REFRESH_RATE_MS" value="500"/>
    </Object>
    <Object name="ila_cnt5" gui_info="">
      <Properties Property="CONTROL.TRIGGER_CONDITION" value="AND"/>
      <Properties Property="CORE_REFRESH_RATE_MS" value="500"/>
    </Object>
    <Object name="ila_cnt6" gui_info="">
      <Properties Property="CONTROL.TRIGGER_CONDITION" value="AND"/>
      <Properties Property="CORE_REFRESH_RATE_MS" value="500"/>
    </Object>
    <Object name="ila_cnt7" gui_info="">
      <Properties Property="CONTROL.TRIGGER_CONDITION" value="AND"/>
      <Properties Property="CORE_REFRESH_RATE_MS" value="500"/>
    </Object>
  </ObjectList>
  <probeset name="hw project" active="false">
    <probe type="ila" busType="bus" source="netlist" spec="ILA_V2_RT">
      <probeOptions Id="DebugProbeParams">
        <Option Id="CAPTURE_COMPARE_VALUE" value="eq28&apos;hXXX_XXXX"/>
        <Option Id="COMPARE_VALUE.0" value="eq28&apos;hXXX_XXXX"/>
        <Option Id="DISPLAY_AS_ENUM" value="1"/>
        <Option Id="DISPLAY_HINT" value=""/>
        <Option Id="DISPLAY_RADIX" value="HEX"/>
        <Option Id="DISPLAY_VISIBILITY" value=""/>
        <Option Id="HW_ILA" value="hw_ila_1"/>
        <Option Id="LINK_TO_WAVEFORM" value="1"/>
        <Option Id="MAP" value="probe0[27:0]"/>
        <Option Id="NAME.CUSTOM" value=""/>
        <Option Id="NAME.SELECT" value="Long"/>
        <Option Id="SOURCE" value="netlist"/>
        <Option Id="TRIGGER_COMPARE_VALUE" value="eq28&apos;hXXX_XXXX"/>
        <Option Id="WAVEFORM_STYLE" value="Digital"/>
      </probeOptions>
      <nets>
        <net name="RO_0_cnt00[27]"/>
        <net name="RO_0_cnt00[26]"/>
        <net name="RO_0_cnt00[25]"/>
        <net name="RO_0_cnt00[24]"/>
        <net name="RO_0_cnt00[23]"/>
        <net name="RO_0_cnt00[22]"/>
        <net name="RO_0_cnt00[21]"/>
        <net name="RO_0_cnt00[20]"/>
        <net name="RO_0_cnt00[19]"/>
        <net name="RO_0_cnt00[18]"/>
        <net name="RO_0_cnt00[17]"/>
        <net name="RO_0_cnt00[16]"/>
        <net name="RO_0_cnt00[15]"/>
        <net name="RO_0_cnt00[14]"/>
        <net name="RO_0_cnt00[13]"/>
        <net name="RO_0_cnt00[12]"/>
        <net name="RO_0_cnt00[11]"/>
        <net name="RO_0_cnt00[10]"/>
        <net name="RO_0_cnt00[9]"/>
        <net name="RO_0_cnt00[8]"/>
        <net name="RO_0_cnt00[7]"/>
        <net name="RO_0_cnt00[6]"/>
        <net name="RO_0_cnt00[5]"/>
        <net name="RO_0_cnt00[4]"/>
        <net name="RO_0_cnt00[3]"/>
        <net name="RO_0_cnt00[2]"/>
        <net name="RO_0_cnt00[1]"/>
        <net name="RO_0_cnt00[0]"/>
      </nets>
    </probe>
    <probe type="ila" busType="bus" source="netlist" spec="ILA_V2_RT">
      <probeOptions Id="DebugProbeParams">
        <Option Id="CAPTURE_COMPARE_VALUE" value="eq28&apos;hXXX_XXXX"/>
        <Option Id="COMPARE_VALUE.0" value="eq28&apos;hXXX_XXXX"/>
        <Option Id="DISPLAY_AS_ENUM" value="1"/>
        <Option Id="DISPLAY_HINT" value=""/>
        <Option Id="DISPLAY_RADIX" value="HEX"/>
        <Option Id="DISPLAY_VISIBILITY" value=""/>
        <Option Id="HW_ILA" value="hw_ila_2"/>
        <Option Id="LINK_TO_WAVEFORM" value="1"/>
        <Option Id="MAP" value="probe0[27:0]"/>
        <Option Id="NAME.CUSTOM" value=""/>
        <Option Id="NAME.SELECT" value="Long"/>
        <Option Id="SOURCE" value="netlist"/>
        <Option Id="TRIGGER_COMPARE_VALUE" value="eq28&apos;hXXX_XXXX"/>
        <Option Id="WAVEFORM_STYLE" value="Digital"/>
      </probeOptions>
      <nets>
        <net name="RO_0_cnt01[27]"/>
        <net name="RO_0_cnt01[26]"/>
        <net name="RO_0_cnt01[25]"/>
        <net name="RO_0_cnt01[24]"/>
        <net name="RO_0_cnt01[23]"/>
        <net name="RO_0_cnt01[22]"/>
        <net name="RO_0_cnt01[21]"/>
        <net name="RO_0_cnt01[20]"/>
        <net name="RO_0_cnt01[19]"/>
        <net name="RO_0_cnt01[18]"/>
        <net name="RO_0_cnt01[17]"/>
        <net name="RO_0_cnt01[16]"/>
        <net name="RO_0_cnt01[15]"/>
        <net name="RO_0_cnt01[14]"/>
        <net name="RO_0_cnt01[13]"/>
        <net name="RO_0_cnt01[12]"/>
        <net name="RO_0_cnt01[11]"/>
        <net name="RO_0_cnt01[10]"/>
        <net name="RO_0_cnt01[9]"/>
        <net name="RO_0_cnt01[8]"/>
        <net name="RO_0_cnt01[7]"/>
        <net name="RO_0_cnt01[6]"/>
        <net name="RO_0_cnt01[5]"/>
        <net name="RO_0_cnt01[4]"/>
        <net name="RO_0_cnt01[3]"/>
        <net name="RO_0_cnt01[2]"/>
        <net name="RO_0_cnt01[1]"/>
        <net name="RO_0_cnt01[0]"/>
      </nets>
    </probe>
    <probe type="ila" busType="bus" source="netlist" spec="ILA_V2_RT">
      <probeOptions Id="DebugProbeParams">
        <Option Id="CAPTURE_COMPARE_VALUE" value="eq28&apos;hXXX_XXXX"/>
        <Option Id="COMPARE_VALUE.0" value="eq28&apos;hXXX_XXXX"/>
        <Option Id="DISPLAY_AS_ENUM" value="1"/>
        <Option Id="DISPLAY_HINT" value=""/>
        <Option Id="DISPLAY_RADIX" value="HEX"/>
        <Option Id="DISPLAY_VISIBILITY" value=""/>
        <Option Id="HW_ILA" value="hw_ila_3"/>
        <Option Id="LINK_TO_WAVEFORM" value="1"/>
        <Option Id="MAP" value="probe0[27:0]"/>
        <Option Id="NAME.CUSTOM" value=""/>
        <Option Id="NAME.SELECT" value="Long"/>
        <Option Id="SOURCE" value="netlist"/>
        <Option Id="TRIGGER_COMPARE_VALUE" value="eq28&apos;hXXX_XXXX"/>
        <Option Id="WAVEFORM_STYLE" value="Digital"/>
      </probeOptions>
      <nets>
        <net name="RO_0_cnt02[27]"/>
        <net name="RO_0_cnt02[26]"/>
        <net name="RO_0_cnt02[25]"/>
        <net name="RO_0_cnt02[24]"/>
        <net name="RO_0_cnt02[23]"/>
        <net name="RO_0_cnt02[22]"/>
        <net name="RO_0_cnt02[21]"/>
        <net name="RO_0_cnt02[20]"/>
        <net name="RO_0_cnt02[19]"/>
        <net name="RO_0_cnt02[18]"/>
        <net name="RO_0_cnt02[17]"/>
        <net name="RO_0_cnt02[16]"/>
        <net name="RO_0_cnt02[15]"/>
        <net name="RO_0_cnt02[14]"/>
        <net name="RO_0_cnt02[13]"/>
        <net name="RO_0_cnt02[12]"/>
        <net name="RO_0_cnt02[11]"/>
        <net name="RO_0_cnt02[10]"/>
        <net name="RO_0_cnt02[9]"/>
        <net name="RO_0_cnt02[8]"/>
        <net name="RO_0_cnt02[7]"/>
        <net name="RO_0_cnt02[6]"/>
        <net name="RO_0_cnt02[5]"/>
        <net name="RO_0_cnt02[4]"/>
        <net name="RO_0_cnt02[3]"/>
        <net name="RO_0_cnt02[2]"/>
        <net name="RO_0_cnt02[1]"/>
        <net name="RO_0_cnt02[0]"/>
      </nets>
    </probe>
    <probe type="ila" busType="bus" source="netlist" spec="ILA_V2_RT">
      <probeOptions Id="DebugProbeParams">
        <Option Id="CAPTURE_COMPARE_VALUE" value="eq28&apos;hXXX_XXXX"/>
        <Option Id="COMPARE_VALUE.0" value="eq28&apos;hXXX_XXXX"/>
        <Option Id="DISPLAY_AS_ENUM" value="1"/>
        <Option Id="DISPLAY_HINT" value=""/>
        <Option Id="DISPLAY_RADIX" value="HEX"/>
        <Option Id="DISPLAY_VISIBILITY" value=""/>
        <Option Id="HW_ILA" value="hw_ila_4"/>
        <Option Id="LINK_TO_WAVEFORM" value="1"/>
        <Option Id="MAP" value="probe0[27:0]"/>
        <Option Id="NAME.CUSTOM" value=""/>
        <Option Id="NAME.SELECT" value="Long"/>
        <Option Id="SOURCE" value="netlist"/>
        <Option Id="TRIGGER_COMPARE_VALUE" value="eq28&apos;hXXX_XXXX"/>
        <Option Id="WAVEFORM_STYLE" value="Digital"/>
      </probeOptions>
      <nets>
        <net name="RO_0_cnt03[27]"/>
        <net name="RO_0_cnt03[26]"/>
        <net name="RO_0_cnt03[25]"/>
        <net name="RO_0_cnt03[24]"/>
        <net name="RO_0_cnt03[23]"/>
        <net name="RO_0_cnt03[22]"/>
        <net name="RO_0_cnt03[21]"/>
        <net name="RO_0_cnt03[20]"/>
        <net name="RO_0_cnt03[19]"/>
        <net name="RO_0_cnt03[18]"/>
        <net name="RO_0_cnt03[17]"/>
        <net name="RO_0_cnt03[16]"/>
        <net name="RO_0_cnt03[15]"/>
        <net name="RO_0_cnt03[14]"/>
        <net name="RO_0_cnt03[13]"/>
        <net name="RO_0_cnt03[12]"/>
        <net name="RO_0_cnt03[11]"/>
        <net name="RO_0_cnt03[10]"/>
        <net name="RO_0_cnt03[9]"/>
        <net name="RO_0_cnt03[8]"/>
        <net name="RO_0_cnt03[7]"/>
        <net name="RO_0_cnt03[6]"/>
        <net name="RO_0_cnt03[5]"/>
        <net name="RO_0_cnt03[4]"/>
        <net name="RO_0_cnt03[3]"/>
        <net name="RO_0_cnt03[2]"/>
        <net name="RO_0_cnt03[1]"/>
        <net name="RO_0_cnt03[0]"/>
      </nets>
    </probe>
    <probe type="ila" busType="bus" source="netlist" spec="ILA_V2_RT">
      <probeOptions Id="DebugProbeParams">
        <Option Id="CAPTURE_COMPARE_VALUE" value="eq28&apos;hXXX_XXXX"/>
        <Option Id="COMPARE_VALUE.0" value="eq28&apos;hXXX_XXXX"/>
        <Option Id="DISPLAY_AS_ENUM" value="1"/>
        <Option Id="DISPLAY_HINT" value=""/>
        <Option Id="DISPLAY_RADIX" value="HEX"/>
        <Option Id="DISPLAY_VISIBILITY" value=""/>
        <Option Id="HW_ILA" value="hw_ila_5"/>
        <Option Id="LINK_TO_WAVEFORM" value="1"/>
        <Option Id="MAP" value="probe0[27:0]"/>
        <Option Id="NAME.CUSTOM" value=""/>
        <Option Id="NAME.SELECT" value="Long"/>
        <Option Id="SOURCE" value="netlist"/>
        <Option Id="TRIGGER_COMPARE_VALUE" value="eq28&apos;hXXX_XXXX"/>
        <Option Id="WAVEFORM_STYLE" value="Digital"/>
      </probeOptions>
      <nets>
        <net name="RO_0_cnt04[27]"/>
        <net name="RO_0_cnt04[26]"/>
        <net name="RO_0_cnt04[25]"/>
        <net name="RO_0_cnt04[24]"/>
        <net name="RO_0_cnt04[23]"/>
        <net name="RO_0_cnt04[22]"/>
        <net name="RO_0_cnt04[21]"/>
        <net name="RO_0_cnt04[20]"/>
        <net name="RO_0_cnt04[19]"/>
        <net name="RO_0_cnt04[18]"/>
        <net name="RO_0_cnt04[17]"/>
        <net name="RO_0_cnt04[16]"/>
        <net name="RO_0_cnt04[15]"/>
        <net name="RO_0_cnt04[14]"/>
        <net name="RO_0_cnt04[13]"/>
        <net name="RO_0_cnt04[12]"/>
        <net name="RO_0_cnt04[11]"/>
        <net name="RO_0_cnt04[10]"/>
        <net name="RO_0_cnt04[9]"/>
        <net name="RO_0_cnt04[8]"/>
        <net name="RO_0_cnt04[7]"/>
        <net name="RO_0_cnt04[6]"/>
        <net name="RO_0_cnt04[5]"/>
        <net name="RO_0_cnt04[4]"/>
        <net name="RO_0_cnt04[3]"/>
        <net name="RO_0_cnt04[2]"/>
        <net name="RO_0_cnt04[1]"/>
        <net name="RO_0_cnt04[0]"/>
      </nets>
    </probe>
    <probe type="ila" busType="bus" source="netlist" spec="ILA_V2_RT">
      <probeOptions Id="DebugProbeParams">
        <Option Id="CAPTURE_COMPARE_VALUE" value="eq28&apos;hXXX_XXXX"/>
        <Option Id="COMPARE_VALUE.0" value="eq28&apos;hXXX_XXXX"/>
        <Option Id="DISPLAY_AS_ENUM" value="1"/>
        <Option Id="DISPLAY_HINT" value=""/>
        <Option Id="DISPLAY_RADIX" value="HEX"/>
        <Option Id="DISPLAY_VISIBILITY" value=""/>
        <Option Id="HW_ILA" value="hw_ila_6"/>
        <Option Id="LINK_TO_WAVEFORM" value="1"/>
        <Option Id="MAP" value="probe0[27:0]"/>
        <Option Id="NAME.CUSTOM" value=""/>
        <Option Id="NAME.SELECT" value="Long"/>
        <Option Id="SOURCE" value="netlist"/>
        <Option Id="TRIGGER_COMPARE_VALUE" value="eq28&apos;hXXX_XXXX"/>
        <Option Id="WAVEFORM_STYLE" value="Digital"/>
      </probeOptions>
      <nets>
        <net name="RO_0_cnt05[27]"/>
        <net name="RO_0_cnt05[26]"/>
        <net name="RO_0_cnt05[25]"/>
        <net name="RO_0_cnt05[24]"/>
        <net name="RO_0_cnt05[23]"/>
        <net name="RO_0_cnt05[22]"/>
        <net name="RO_0_cnt05[21]"/>
        <net name="RO_0_cnt05[20]"/>
        <net name="RO_0_cnt05[19]"/>
        <net name="RO_0_cnt05[18]"/>
        <net name="RO_0_cnt05[17]"/>
        <net name="RO_0_cnt05[16]"/>
        <net name="RO_0_cnt05[15]"/>
        <net name="RO_0_cnt05[14]"/>
        <net name="RO_0_cnt05[13]"/>
        <net name="RO_0_cnt05[12]"/>
        <net name="RO_0_cnt05[11]"/>
        <net name="RO_0_cnt05[10]"/>
        <net name="RO_0_cnt05[9]"/>
        <net name="RO_0_cnt05[8]"/>
        <net name="RO_0_cnt05[7]"/>
        <net name="RO_0_cnt05[6]"/>
        <net name="RO_0_cnt05[5]"/>
        <net name="RO_0_cnt05[4]"/>
        <net name="RO_0_cnt05[3]"/>
        <net name="RO_0_cnt05[2]"/>
        <net name="RO_0_cnt05[1]"/>
        <net name="RO_0_cnt05[0]"/>
      </nets>
    </probe>
    <probe type="ila" busType="bus" source="netlist" spec="ILA_V2_RT">
      <probeOptions Id="DebugProbeParams">
        <Option Id="CAPTURE_COMPARE_VALUE" value="eq28&apos;hXXX_XXXX"/>
        <Option Id="COMPARE_VALUE.0" value="eq28&apos;hXXX_XXXX"/>
        <Option Id="DISPLAY_AS_ENUM" value="1"/>
        <Option Id="DISPLAY_HINT" value=""/>
        <Option Id="DISPLAY_RADIX" value="HEX"/>
        <Option Id="DISPLAY_VISIBILITY" value=""/>
        <Option Id="HW_ILA" value="hw_ila_7"/>
        <Option Id="LINK_TO_WAVEFORM" value="1"/>
        <Option Id="MAP" value="probe0[27:0]"/>
        <Option Id="NAME.CUSTOM" value=""/>
        <Option Id="NAME.SELECT" value="Long"/>
        <Option Id="SOURCE" value="netlist"/>
        <Option Id="TRIGGER_COMPARE_VALUE" value="eq28&apos;hXXX_XXXX"/>
        <Option Id="WAVEFORM_STYLE" value="Digital"/>
      </probeOptions>
      <nets>
        <net name="RO_0_cnt06[27]"/>
        <net name="RO_0_cnt06[26]"/>
        <net name="RO_0_cnt06[25]"/>
        <net name="RO_0_cnt06[24]"/>
        <net name="RO_0_cnt06[23]"/>
        <net name="RO_0_cnt06[22]"/>
        <net name="RO_0_cnt06[21]"/>
        <net name="RO_0_cnt06[20]"/>
        <net name="RO_0_cnt06[19]"/>
        <net name="RO_0_cnt06[18]"/>
        <net name="RO_0_cnt06[17]"/>
        <net name="RO_0_cnt06[16]"/>
        <net name="RO_0_cnt06[15]"/>
        <net name="RO_0_cnt06[14]"/>
        <net name="RO_0_cnt06[13]"/>
        <net name="RO_0_cnt06[12]"/>
        <net name="RO_0_cnt06[11]"/>
        <net name="RO_0_cnt06[10]"/>
        <net name="RO_0_cnt06[9]"/>
        <net name="RO_0_cnt06[8]"/>
        <net name="RO_0_cnt06[7]"/>
        <net name="RO_0_cnt06[6]"/>
        <net name="RO_0_cnt06[5]"/>
        <net name="RO_0_cnt06[4]"/>
        <net name="RO_0_cnt06[3]"/>
        <net name="RO_0_cnt06[2]"/>
        <net name="RO_0_cnt06[1]"/>
        <net name="RO_0_cnt06[0]"/>
      </nets>
    </probe>
    <probe type="ila" busType="bus" source="netlist" spec="ILA_V2_RT">
      <probeOptions Id="DebugProbeParams">
        <Option Id="CAPTURE_COMPARE_VALUE" value="eq28&apos;hXXX_XXXX"/>
        <Option Id="COMPARE_VALUE.0" value="eq28&apos;hXXX_XXXX"/>
        <Option Id="DISPLAY_AS_ENUM" value="1"/>
        <Option Id="DISPLAY_HINT" value=""/>
        <Option Id="DISPLAY_RADIX" value="HEX"/>
        <Option Id="DISPLAY_VISIBILITY" value=""/>
        <Option Id="HW_ILA" value="hw_ila_8"/>
        <Option Id="LINK_TO_WAVEFORM" value="1"/>
        <Option Id="MAP" value="probe0[27:0]"/>
        <Option Id="NAME.CUSTOM" value=""/>
        <Option Id="NAME.SELECT" value="Long"/>
        <Option Id="SOURCE" value="netlist"/>
        <Option Id="TRIGGER_COMPARE_VALUE" value="eq28&apos;hXXX_XXXX"/>
        <Option Id="WAVEFORM_STYLE" value="Digital"/>
      </probeOptions>
      <nets>
        <net name="RO_0_cnt07[27]"/>
        <net name="RO_0_cnt07[26]"/>
        <net name="RO_0_cnt07[25]"/>
        <net name="RO_0_cnt07[24]"/>
        <net name="RO_0_cnt07[23]"/>
        <net name="RO_0_cnt07[22]"/>
        <net name="RO_0_cnt07[21]"/>
        <net name="RO_0_cnt07[20]"/>
        <net name="RO_0_cnt07[19]"/>
        <net name="RO_0_cnt07[18]"/>
        <net name="RO_0_cnt07[17]"/>
        <net name="RO_0_cnt07[16]"/>
        <net name="RO_0_cnt07[15]"/>
        <net name="RO_0_cnt07[14]"/>
        <net name="RO_0_cnt07[13]"/>
        <net name="RO_0_cnt07[12]"/>
        <net name="RO_0_cnt07[11]"/>
        <net name="RO_0_cnt07[10]"/>
        <net name="RO_0_cnt07[9]"/>
        <net name="RO_0_cnt07[8]"/>
        <net name="RO_0_cnt07[7]"/>
        <net name="RO_0_cnt07[6]"/>
        <net name="RO_0_cnt07[5]"/>
        <net name="RO_0_cnt07[4]"/>
        <net name="RO_0_cnt07[3]"/>
        <net name="RO_0_cnt07[2]"/>
        <net name="RO_0_cnt07[1]"/>
        <net name="RO_0_cnt07[0]"/>
      </nets>
    </probe>
  </probeset>
</hwsession>
