<?xml version="1.0" encoding="UTF-8"?>
<GenRun Id="synth_1" LaunchPart="xc7a35ticpg236-1L" LaunchTime="1531256903">
  <File Type="PA-TCL" Name="Arbiter_PUF.tcl"/>
  <File Type="RDS-RDS" Name="Arbiter_PUF.vds"/>
  <File Type="RDS-UTIL" Name="Arbiter_PUF_utilization_synth.rpt"/>
  <File Type="RDS-UTIL-PB" Name="Arbiter_PUF_utilization_synth.pb"/>
  <File Type="RDS-DCP" Name="Arbiter_PUF.dcp"/>
  <FileSet Name="sources" Type="DesignSrcs" RelSrcDir="$PSRCDIR/sources_1">
    <Filter Type="Srcs"/>
    <File Path="$PSRCDIR/sources_1/new/MUX_Chain_basic.v">
      <FileInfo>
        <Attr Name="ImportPath" Val="$PPRDIR/../Arbiter_PUF/Arbiter_PUF.srcs/sources_1/new/MUX_Chain_basic.v"/>
        <Attr Name="ImportTime" Val="1500301660"/>
        <Attr Name="UsedIn" Val="synthesis"/>
        <Attr Name="UsedIn" Val="implementation"/>
        <Attr Name="UsedIn" Val="simulation"/>
      </FileInfo>
    </File>
    <File Path="$PSRCDIR/sources_1/new/MUX_basic.v">
      <FileInfo>
        <Attr Name="ImportPath" Val="$PPRDIR/../Arbiter_PUF/Arbiter_PUF.srcs/sources_1/new/MUX_basic.v"/>
        <Attr Name="ImportTime" Val="1499457008"/>
        <Attr Name="UsedIn" Val="synthesis"/>
        <Attr Name="UsedIn" Val="implementation"/>
        <Attr Name="UsedIn" Val="simulation"/>
      </FileInfo>
    </File>
    <File Path="$PSRCDIR/sources_1/new/Arbiter_PUF.v">
      <FileInfo>
        <Attr Name="ImportPath" Val="$PPRDIR/../Arbiter_PUF/Arbiter_PUF.srcs/sources_1/new/Arbiter_PUF.v"/>
        <Attr Name="ImportTime" Val="1500245455"/>
        <Attr Name="UsedIn" Val="synthesis"/>
        <Attr Name="UsedIn" Val="implementation"/>
        <Attr Name="UsedIn" Val="simulation"/>
      </FileInfo>
    </File>
    <Config>
      <Option Name="DesignMode" Val="RTL"/>
      <Option Name="TopModule" Val="Arbiter_PUF"/>
    </Config>
  </FileSet>
  <FileSet Name="constrs_in" Type="Constrs" RelSrcDir="$PSRCDIR/constrs_1">
    <Filter Type="Constrs"/>
    <File Path="$PSRCDIR/constrs_1/new/gated_counter.xdc">
      <FileInfo>
        <Attr Name="ImportPath" Val="$PPRDIR/../Gated_counter/Gated_counter.srcs/constrs_1/new/gated_counter.xdc"/>
        <Attr Name="ImportTime" Val="1496587588"/>
        <Attr Name="UsedIn" Val="synthesis"/>
        <Attr Name="UsedIn" Val="implementation"/>
      </FileInfo>
    </File>
    <Config>
      <Option Name="TargetConstrsFile" Val="$PSRCDIR/constrs_1/new/gated_counter.xdc"/>
      <Option Name="ConstrsType" Val="XDC"/>
    </Config>
  </FileSet>
  <Strategy Version="1" Minor="2">
    <StratHandle Name="Vivado Synthesis Defaults" Flow="Vivado Synthesis 2015"/>
    <Step Id="synth_design"/>
  </Strategy>
</GenRun>
