<?xml version="1.0" encoding="UTF-8"?>
<GenRun Id="synth_1" LaunchPart="xc7a35ticpg236-1L" LaunchTime="1502720927">
  <File Type="RDS-PROPCONSTRS" Name="RO_gated_counter_drc_synth.rpt"/>
  <File Type="PA-TCL" Name="RO_gated_counter.tcl"/>
  <File Type="RDS-RDS" Name="RO_gated_counter.vds"/>
  <File Type="RDS-UTIL" Name="RO_gated_counter_utilization_synth.rpt"/>
  <File Type="RDS-UTIL-PB" Name="RO_gated_counter_utilization_synth.pb"/>
  <File Type="RDS-DCP" Name="RO_gated_counter.dcp"/>
  <File Type="VDS-TIMINGSUMMARY" Name="RO_gated_counter_timing_summary_synth.rpt"/>
  <File Type="VDS-TIMING-PB" Name="RO_gated_counter_timing_summary_synth.pb"/>
  <FileSet Name="sources" Type="DesignSrcs" RelSrcDir="$PSRCDIR/sources_1">
    <Filter Type="Srcs"/>
    <File Path="$PSRCDIR/sources_1/new/Counter_group.v">
      <FileInfo>
        <Attr Name="ImportPath" Val="$PPRDIR/../Clocked_2_gated_counters_4_pairs_OF/Clocked_2_gated_counters_4_pairs_OF.srcs/sources_1/new/Counter_group.v"/>
        <Attr Name="ImportTime" Val="1497914265"/>
        <Attr Name="UsedIn" Val="synthesis"/>
        <Attr Name="UsedIn" Val="implementation"/>
        <Attr Name="UsedIn" Val="simulation"/>
      </FileInfo>
    </File>
    <File Path="$PSRCDIR/sources_1/new/RO_basic.v">
      <FileInfo>
        <Attr Name="ImportPath" Val="$PPRDIR/../Gated_counter/Gated_counter.srcs/sources_1/new/RO_basic.v"/>
        <Attr Name="ImportTime" Val="1496585520"/>
        <Attr Name="UsedIn" Val="synthesis"/>
        <Attr Name="UsedIn" Val="implementation"/>
        <Attr Name="UsedIn" Val="simulation"/>
      </FileInfo>
    </File>
    <File Path="$PSRCDIR/sources_1/new/counter0.v">
      <FileInfo>
        <Attr Name="ImportPath" Val="$PPRDIR/../Clocked_2_gated_counters_diff_RO/Clocked_2_gated_counters_diff_RO.srcs/sources_1/new/counter0.v"/>
        <Attr Name="ImportTime" Val="1496797326"/>
        <Attr Name="UsedIn" Val="synthesis"/>
        <Attr Name="UsedIn" Val="implementation"/>
        <Attr Name="UsedIn" Val="simulation"/>
      </FileInfo>
    </File>
    <File Path="$PSRCDIR/sources_1/new/counter1.v">
      <FileInfo>
        <Attr Name="ImportPath" Val="$PPRDIR/../Clocked_2_gated_counters_diff_RO/Clocked_2_gated_counters_diff_RO.srcs/sources_1/new/counter1.v"/>
        <Attr Name="ImportTime" Val="1496797320"/>
        <Attr Name="UsedIn" Val="synthesis"/>
        <Attr Name="UsedIn" Val="implementation"/>
        <Attr Name="UsedIn" Val="simulation"/>
      </FileInfo>
    </File>
    <File Path="$PSRCDIR/sources_1/new/RO_gated_counter.v">
      <FileInfo>
        <Attr Name="ImportPath" Val="$PPRDIR/../Gated_counter/Gated_counter.srcs/sources_1/new/RO_gated_counter.v"/>
        <Attr Name="ImportTime" Val="1496674810"/>
        <Attr Name="UsedIn" Val="synthesis"/>
        <Attr Name="UsedIn" Val="implementation"/>
        <Attr Name="UsedIn" Val="simulation"/>
      </FileInfo>
    </File>
    <Config>
      <Option Name="DesignMode" Val="RTL"/>
      <Option Name="TopModule" Val="RO_gated_counter"/>
      <Option Name="TopAutoSet" Val="TRUE"/>
    </Config>
  </FileSet>
  <FileSet Name="constrs_in" Type="Constrs" RelSrcDir="$PSRCDIR/constrs_1">
    <Filter Type="Constrs"/>
    <File Path="$PSRCDIR/constrs_1/new/gated_counter.xdc">
      <FileInfo>
        <Attr Name="ImportPath" Val="$PPRDIR/../Gated_counter/Gated_counter.srcs/constrs_1/new/gated_counter.xdc"/>
        <Attr Name="ImportTime" Val="1496587588"/>
        <Attr Name="UsedIn" Val="synthesis"/>
        <Attr Name="UsedIn" Val="implementation"/>
      </FileInfo>
    </File>
    <Config>
      <Option Name="TargetConstrsFile" Val="$PSRCDIR/constrs_1/new/gated_counter.xdc"/>
      <Option Name="ConstrsType" Val="XDC"/>
    </Config>
  </FileSet>
  <Strategy Version="1" Minor="2">
    <StratHandle Name="Vivado Synthesis Defaults" Flow="Vivado Synthesis 2015"/>
    <Step Id="synth_design"/>
  </Strategy>
</GenRun>
